14132,66349,75366
51903,60864,77416
6062,43462,53168
5337,43004,55607
15667,52996,62048
2389,44933,59486
5346,38500,49463
29999,50851,62181
8999,41040,54364
8384,45998,58696
12109,52092,62649
3552,45876,60456
6219,45518,55799
3920,43598,51713
4036,46069,57446
12998,58898,68788
15112,50924,60308
3438,31966,46231
2891,46777,53276
10292,43822,57480
3700,48903,63280
22418,47103,60525
12785,56132,64298
9770,38063,51593
18179,45213,55919
20863,65479,75720
9321,36550,49758
27863,47259,58594
4814,44034,54485
8797,46536,57893
7684,43481,55962
1991,31809,44412
3923,38048,51361
4835,54725,63863
26581,52214,68524
14635,47380,58353
166244,59095,80639
4435,42470,52560
25263,55673,67337
9576,48486,57781
33438,61629,76673
23059,57858,75139
2621,40783,58964
5079,41233,50566
87328,75766,95150
5734,48116,65415
8912,41733,54556
24209,48952,62701
104815,52234,66681
5653,36807,47888
57030,56684,74553
31975,55536,69855
2307,32108,44356
5221,38728,47889
7900,46574,62537
6133,45076,60359
13510,42730,56831
23181,57643,70096
53404,82558,100582
3179,35594,43421
22367,43074,55996
11634,46839,60627
44487,58922,74265
18082,46245,60178
4834,50376,60270
2572,26739,42839
6560,41113,54200
279,67750,81744
623,87159,99072
69974,90466,110096
3226,53224,70049
261,96458,99748
414,99091,105670
875,56089,79353
22895,82930,96382
673,68207,71429
578,60000,77581
8012,95112,111220
14479,75689,90449
3343,85638,94234
3403,73887,84957
381,53828,67149
22437,81821,94064
2077,47078,68463
1432,82500,93625
1464,57866,73225
955,84861,95277
1436,53333,68401
2308,78000,89969
228,77500,108829
1563,66369,78154
2571,88480,94131
1451,40750,49917
646,55286,73856
161,80875,86245
1222,46875,57561
12996,37095,47433
32607,55120,67932
29860,59308,76491
13546,48958,57806
8050,50583,60022
2431,48074,55883
6348,42729,53040
930395,63910,83160
51645,47136,58795
24763,43516,55082
238028,57757,74537
89831,55282,66298
11376,41774,56421
56865,53015,67035
54380,44302,56737
5206,50137,63774
6078,45612,55977
12120,45499,57964
61061,61706,81517
10732,47585,60382
3234,39659,51689
1357,44638,51524
7501,46669,58319
2942,34451,52104
5354,48735,58286
4397,41121,50306
7166,49059,63075
2496,47576,59805
6505,47472,58747
5747,46002,57475
25840,52466,70430
17580,46113,57051
12749,48372,59459
4736,48100,56033
2072,39681,52526
3381,39937,53871
4984,39884,50112
28430,65155,76430
4764,43053,56025
3468,41720,52653
25627,48388,64002
5031,58808,68650
11548,48011,57916
5525,43407,52434
8485,49541,56593
3701,40970,54051
10017,44442,59144
3870,39717,48912
4248,38639,48650
18108,48562,62197
7072,37119,58231
1708,38913,52874
4376,42457,48138
2169,32986,42384
2992,40936,53178
3844,48406,55168
5650,46489,58126
18783,60786,68849
4305,43373,55501
4722,42333,49957
11334,51790,59668
11680,42286,55525
2169,35422,48246
2633,39469,53710
2382,42500,50450
2413,37243,49591
6927,42354,52400
2811,50840,63217
5465,34684,50686
3177,37440,52509
6353,39616,48331
5638,38275,50803
15877,47074,60919
2485,43408,48717
94427,58688,80803
5215,45492,53011
6263,34705,48084
29595,66936,76152
3210,42333,53240
2112,39444,48721
32107,50511,69130
4142,44267,50699
4584,40550,48564
3262,39665,51684
11691,46952,58855
4822,42607,52175
50143,54190,72838
20938,51449,65323
2001,36902,54241
5344,41469,51161
354289,88618,113258
263,76645,87965
9525,68593,83651
51029,55917,70462
12989,68401,82407
4994,56830,69459
265305,94208,121040
5954,51470,64333
48981,85253,104269
211170,50884,68428
6809,51705,74032
30562,52974,68455
37969,45540,60746
4462,70185,78488
191608,52618,69382
31566,50489,66499
16540,48323,60776
6442,65616,75295
2170631,62237,89466
32854,50772,64930
64282,117357,166853
4805,62278,70395
20585,54459,67910
58319,47456,63763
2397,46268,60708
3168,72237,78221
90557,63669,85628
33934,79700,104811
26204,70148,86803
712753,84765,111407
94036,87352,105204
5381,55183,74594
504705,63378,80100
337868,64154,80998
13458,71425,86693
459664,59294,74427
714977,73495,95914
156742,90116,130322
160476,59900,76699
64756,74885,90912
174540,105844,146954
92720,72602,101039
435873,103983,133959
58406,80899,103519
45221,54222,70127
769,52454,74657
12192,47183,58836
100840,76932,92122
117130,75896,97045
124157,55432,71330
23276,57129,76238
16089,49018,61542
3390,47349,59905
103015,45500,62103
14834,59152,74013
196812,86301,108899
43818,74687,94292
17731,50648,60669
108342,64611,75968
3676,49889,63892
148229,73649,97469
3397,58222,79223
1101,48080,59213
1213,42598,55615
70777,92667,117904
14691,96787,113578
5124,59631,71558
549,63938,70818
2364,89583,122997
2220,44338,51763
821,41551,58949
780,41270,50430
1278,50000,63557
8432,51539,67911
128046,63705,92983
499,51875,59766
81035,112930,135267
11315,86167,119125
6369,89653,108518
160830,70728,87294
10994,48623,60689
14164,66941,79407
1429,87639,103909
3311,74418,85953
3407,67047,80629
254,76000,79688
1835,41862,62214
390,60714,63195
143318,84957,103676
386,55938,68343
2038,57538,63459
1714,57267,65190
13083,67732,85423
76873,76194,92738
3931,53089,62711
1162,51875,68253
5142,50000,65790
39244,60534,77248
236,68438,108631
3323,68822,72710
7221,49245,63035
11391,55848,65074
7531,50202,61738
4833,41943,54340
1313,72229,87093
4732,76104,84222
1162,54583,62110
3933,93981,153028
3279,44481,57481
40011,52705,64083
1757,75978,86538
3147,45347,59373
6117,74559,96659
1594,41154,56234
147,53194,59840
1702,77708,117982
612,53500,61491
6300,79420,97549
6628,73379,86298
1408,55606,69540
64965,66840,79757
2331,53502,68052
230308,104250,159792
227127,81805,104293
51016,87945,109161
43850,98501,116123
213700,79408,98570
70367,82076,99136
37387,95996,110324
29822,74484,83449
40853,64414,74813
134103,79954,100149
51828,61308,75219
112278,79665,126759
51365,62139,83474
6298,58850,68997
43685,57295,69592
6165,49562,60013
142130,59810,75909
418780,61526,83467
3169,39384,50813
46164,53586,67358
38553,48013,60663
50998,68078,81079
82474,65980,106892
15313,45003,59237
7408,38565,47802
3848,42959,50822
207670,59238,77485
69084,55382,69819
25206,53823,70404
2923,48661,62606
10853,50314,54862
4430,46202,55763
2547,37317,47493
3717,44574,57090
3062,46295,59595
5700,40872,55273
7844,40657,56037
47915,48461,58293
25565,42866,54876
300804,59894,81698
4721,45713,52475
37230,56151,84774
10652,48028,57916
3638,51029,65210
1737,52627,70617
81205,54237,68207
159917,56847,78489
61657,68516,85720
10482,41278,51030
1494,52230,61043
4710,40486,50592
84432,58263,77074
89901,46538,60435
37275,68003,98939
567717,49138,73252
16587,63550,94730
20621,63888,82459
49332,64668,80370
8998,43119,55780
267140,56830,77581
67632,47839,59077
324859,64260,95409
121121,53807,67951
223360,59491,79505
151736,50944,63865
18305,40802,53067
52435,80707,111432
72781,50334,65583
42102,66006,78731
103411,61339,85307
99156,68680,89705
30455,58068,69335
10902,43716,51940
5253,42684,53129
2825,48365,54695
122373,53086,67410
7609,59910,67172
14632,56484,75306
5690,45152,54542
4669,44610,58320
1882,34500,51312
2764,48115,58055
856,46696,54737
9831,48719,62754
5006,51561,60826
17814,58892,67442
25801,56223,64869
4038,35307,42475
4999,42594,50906
36231,49891,66670
2675,46594,73038
4979,41975,48543
4211,46973,57843
8676,74513,83614
15066,52100,65827
5438,41707,49974
5492,61761,66330
1097,39514,60742
13834,60101,66968
2696,42466,55397
27795,54942,67051
17570,55768,65089
2590,50091,59516
63273,55978,74810
2101,49808,61294
6509,40623,49825
57631,78328,92398
20623,50744,68992
713,28352,38192
56280,45355,55600
1676,42792,55833
176700,78058,100693
10234,41964,55684
11736,38765,53296
34619,77373,95670
4708,43780,54536
34992,70163,82142
3383,48796,58835
6338,42934,52519
4771,50830,63804
6499,60910,80639
7102,42523,55802
156378,60182,85456
5454,50116,57174
3259,38617,48544
22758,38145,54926
34404,58918,71913
2614,40732,53521
1090,41818,51816
13919,69450,77735
5380,41387,53805
5522,37388,53677
2554,46369,59187
6905,40855,52069
29756,91574,110142
23558,50563,64634
46617,99573,115430
5903,45934,53795
206393,75658,115469
8163,44624,60584
855,49279,55995
21764,56221,76714
13438,48810,60875
6524,38759,49095
4538,51000,82488
203575,66432,83980
10647,48610,60770
45552,58295,75143
1573,35795,45956
7882,49077,59542
8968,82259,98574
6693,47473,61039
2906,49381,58282
52906,67683,79137
36314,66233,76842
2455,50125,58741
16431,61088,72479
3632,49194,63617
3950,42577,54114
4183,34739,45589
2233,35490,44856
2316,43634,55338
7692,60290,73064
4430,49741,59201
2561,51739,55290
12244,43935,56923
7400,67319,82158
17097,48756,60432
2279,42909,55630
3570,50522,54092
25247,49499,61575
7203,56826,67328
5916,44510,53966
3350,54036,61015
3217,37668,45489
6969,50554,59918
1879,49229,58377
5771,43597,55627
1706,41058,52559
5244,41477,49831
7194,57440,70580
2132,42933,52922
4875,55030,76042
10660,44811,49966
46771,50999,68848
24968,56113,65445
9209,82625,106891
3736,57399,62467
38553,67668,75315
6848,52500,63575
8405,59623,76531
5023,47747,60010
4922,61309,69905
10718,48675,57713
2935,48257,56844
6453,51380,75246
666,33333,41096
4487,50864,63593
1957,35914,49573
44318,46486,61001
21428,58441,71794
1264,52391,60141
3380,46591,58554
2356,38173,50692
16239,50251,60336
6550,46972,59700
1056,32566,42332
7482,43138,55556
1884,38993,48807
430,36500,43916
5423,47204,56901
2648,35017,47096
3787,33608,42079
2327,38007,48541
11128,42835,58270
9329,41712,59441
6857,46442,60183
2719,45707,56780
1653,46282,65141
17139,50076,65114
2183,34176,51308
2146,35901,57673
6569,47736,59856
7167,43590,52455
18369,50683,63441
22989,60249,71384
8912,46455,60165
1350,34030,50383
4995,45757,55805
7328,43465,54097
735,51458,56865
1495,31556,40913
8185,51282,62815
25735,45728,61366
1895,38627,47902
2486,39534,50203
2307,44025,51627
5706,44411,56292
43012,59862,74919
217400,85440,100862
12,88750,101667
15609,73205,85704
36025,75407,94180
102874,67641,84107
1187,42978,58694
20010,57079,68128
1802,49145,61491
2653,41110,51653
11297,54323,63627
6063,76575,97651
1858,55586,67706
11470,49568,62072
26721,58034,73345
2900,44390,55838
680,50000,69551
321,46587,60731
46991,47302,56989
1950,63545,68043
5514,51608,62177
227,33897,50562
2347,49267,58928
1147,60954,66046
6684,49157,60030
3161,56044,61048
3441,51964,62337
4539,49872,60541
3948,45093,57230
4509,44962,50209
6690,56195,68055
5686,46585,55146
38681,56911,70299
8474,60899,73013
2317,53709,61894
1051,48894,53225
1254,47756,55058
8084,37385,57758
5233,49733,63073
10304,58875,68198
1124,46802,54564
2786,37118,50001
5771,51998,59377
2031,45837,54994
3576,47768,55666
2357,62389,68578
19950,50795,61834
2394,60100,70324
2589,46690,58643
17503,58992,71365
1937,33977,41140
4264,61238,69236
14042,67049,82389
1367,64292,71680
9216,60525,74052
1447,61464,74607
4369,56063,70298
3522,53871,61741
42670,69554,86155
9071,56066,66786
4596,55434,67858
3616,52000,62788
9800,76109,85783
11880,53465,69799
1186609,66187,92208
5177,59235,74925
2878,54423,67611
22964,71343,80123
4539,64446,75138
5306,65220,72194
238824,95208,121635
5383,51601,63581
1735,49290,59754
9212,64204,81228
5602,52735,63743
3542,60799,73924
10304,48376,57608
9627,56215,64412
1554,53250,65561
3905,53680,61390
12791,78918,89008
2369,56202,66036
5470,54700,63928
1124,46932,63370
2162,60066,69981
13991,64959,78580
8108,58930,71793
11948,52697,71306
2772,59406,67101
10024,55188,68489
6492,63789,74088
6620,63490,83420
3006,50796,63709
127489,80085,99316
28271,61559,71568
29479,91368,102382
12809,52496,64780
179071,92116,124253
29720,64693,74561
3322,48269,59501
9026,62194,76965
9767,64978,77660
7189,62765,72456
6853,54058,66672
82541,87760,100082
39616,83812,99482
28016,59733,76112
13273,60309,69200
71740,67064,79372
10463,52408,61194
3238,62827,73960
4164,56188,63769
3906,55256,64715
3433,73969,82960
4871,63831,73280
9420,81766,95940
7523,54529,64525
9038,62224,72336
4018,55610,66338
13890,69172,78162
46921,65884,83432
5049,53689,63017
4717,73890,87527
4484,49542,59373
1153,45551,56755
1501,45764,58656
1666,68179,76514
8041,60224,68202
4198,57038,69341
37698,62123,76031
69284,63373,78428
6640,47023,63458
51964,71338,85520
2166,58547,66131
1444,61563,71577
6314,56074,64172
1655,62993,70583
12450,54367,64499
37329,68994,80657
4672,48879,63008
20166,51986,61571
3329,61412,70815
4530,53887,65452
4080,64959,73130
4952,54060,61363
4253,56110,72574
15709,58305,67864
171130,86747,100779
17749,54242,67066
74655,58536,71860
10979,78590,93619
8671,56345,64431
90579,60867,76123
20674,64614,79825
2336,57079,66313
3625,45310,53525
16166,80907,115866
4141,59221,73300
5551,60427,70772
10077,50753,62018
28306,60754,71145
7356,57826,63606
8408,57960,65801
2889,46628,56829
7936,56684,68359
13262,70251,83774
6830,54432,64161
11486,56561,68035
27873,51591,65136
11401,66988,75740
50812,53154,65090
6461,46311,54243
20169,66670,79634
4715,54191,64933
6452,63675,73205
5796,47724,59950
9167,61861,71915
17507,49685,60459
8979,54728,63798
76696,99768,122879
19490,72559,82156
10220,59691,69447
40056,79943,90791
12399,51172,59981
22475,57615,68834
9769,57067,67667
11506,56297,64518
9147,67259,72216
5506,47376,56365
8478,52922,62481
7320,51657,59724
37560,73059,86606
9529,53840,63444
21184,60725,73482
9255,51922,67498
122309,60080,72596
28009,58674,68521
13164,52567,63190
32706,54074,63589
213144,52417,69572
12253,57613,66311
2709,55776,65056
9102,53154,60950
27437,62959,78236
10259,53218,63995
19354,63148,75563
3859,57870,71913
12703,57363,65377
1679,59539,70027
5209,46454,53347
6084,51503,59936
4142,52130,65475
4953,57732,64671
3696,50069,63074
43450,76004,86649
7432,73319,83673
3604,53822,62508
9072,59037,70908
7056,47682,60409
7773,59022,67643
4933,56923,66901
65452,56861,71505
6353,48435,59350
11897,60234,69481
5795,64930,69779
6349,46205,56364
9580,56300,67570
5462,55748,63361
2990,48689,56316
38212,63086,79670
4845,60757,69380
2018,57330,61267
44977,58352,70915
4255,50674,59573
24490,52203,66495
9026,52204,60777
2429,61784,82437
17003,72764,90236
7445,50107,62984
18814,48417,59168
7833,57459,70281
6846,60995,67780
9219,61149,70159
2071,60232,71183
1182,56552,63304
3900,56269,67072
3478,51142,59024
1692,61845,84810
7408,69676,76606
31212,61495,72828
6837,67769,80034
6546,75486,86450
5867,69097,82609
4915,58937,72727
4367,63153,71095
2902,55234,69407
5661,64495,71444
3930,52403,66512
5348,66176,73302
11746,61804,76010
3351,61634,71185
3664,55735,65698
2263,59972,71096
4510,64651,85399
5192,57348,68707
13047,63452,73719
4392,57067,68392
18882,90092,108720
2162,51772,66754
2046,46275,59279
5019,68096,75108
10871,53237,67567
5271,64798,82401
24280,66046,78145
2661,63310,84840
5256,60296,67776
4593,56004,67137
3023,54625,72047
2030,61389,77353
2606,57150,74563
3539,70837,90353
3294,62036,77818
4139,58135,67296
3140,60921,71138
4611,64360,72873
4138,67468,74888
5090,58504,67739
2440,55582,68057
2832,62143,72844
2011,58470,72466
4758,73465,77270
5825,56474,68134
9983,63418,71206
4087,60989,80190
29043,79964,97513
5554,64955,77031
2711,54323,62683
4368,64283,81364
9296,55274,64106
53672,75761,88676
3069,57545,68701
2474,55547,58634
3145,62459,72269
4219,68812,80931
5823,59173,69074
9000,69241,76681
10517,60501,71509
4034,75167,82876
2926,66895,70073
2514,57292,69590
2247,56887,66809
3079,53586,63101
11437,60616,72947
3853,63912,81344
1833,63939,70874
4164,57784,67472
2399,60550,71270
6979,73086,81980
1921,56607,70050
112738,73043,90119
24736,63669,75304
4783,66827,75337
1395,53353,62176
2843,61942,73419
42490,70480,86363
3364,62273,74520
8819,67067,79885
18849,76860,89733
4905,60657,73024
1840,51701,63540
3448,55380,65640
2095,54591,60256
9445,51694,63049
12869,74558,85295
6045,66967,76359
1686,52447,65476
9052,57137,70403
3026,61599,69759
5390,66694,76483
25522,57202,69797
2235,60159,73463
3354,59070,71279
3588,50344,57629
2289,54962,64753
4063,56271,66845
1436,56048,69942
7384,56250,69405
3850,50231,57980
2632,52456,60848
17274,70484,84891
728,56346,63733
1091,45221,56562
5518,51748,60219
820,53571,61779
613,52083,74425
2239,57236,69564
2446,45688,55070
2425,66026,76295
504,55431,60103
8964,53091,65484
9244,50936,66125
895,44243,66462
5445,58884,67833
2137,57530,66978
23609,70955,89125
831,55114,68110
828,43500,51129
6431,63712,76205
1616,58566,70523
8985,56111,69587
8039,57380,65875
6834,58750,68530
8797,51712,64124
842,51939,70338
738,59000,78109
2197,59306,81058
1567,63875,77744
347,58875,88510
1859,53288,61211
743,51953,70568
1662,48333,62817
9152,65591,72046
1052,60125,76090
596,67000,83168
3869,63807,70288
5338,67439,75764
962,51957,59958
146900,92512,117261
958,60735,68315
2150,58299,66555
680,57647,67634
5732,49907,64814
447,64886,84172
18607,77727,87214
898,54167,60204
3046,52761,71276
760,59412,68860
7791,51106,62194
8086,68039,80045
3333,57375,63733
2786,60625,69072
1287,54093,62139
8986,73528,85458
1770,61486,76622
9105,52583,60674
1628,57161,68963
891,51250,64450
2832,61696,73598
4425,49915,59424
899,61940,84325
1376,63182,67558
4635,62512,71090
1077,49073,63981
1761,66085,75658
1601,56750,70511
1587,55102,64968
5627,71259,80108
2626,60000,77272
785,55551,66726
16996,54770,67580
1375,52944,67661
2688,57196,69078
13786,63634,78522
1473,53029,64782
928,52727,61136
2054,48132,64645
14581,55970,71321
1453,55938,67517
124837,63042,77443
5462,52529,63289
45929,63230,77256
689,57244,69150
1634,46154,58819
1183,51914,69211
1224,56667,66396
570,50948,65444
1446,63438,79007
6113,61676,70474
1689,71777,93968
813,56090,67539
1998,65417,70448
428,59038,78420
1620,55034,63907
621,54952,64099
2585,48174,56010
926,47159,60216
36955,47025,57079
4948,45463,52156
5629,49378,57221
6032,64806,68344
2265,56414,72838
11733,51272,56975
3072,36823,48880
7549,31816,43099
32123,78101,90615
5407,48310,65454
13232,53328,74245
7472,49654,65204
2164,55526,64544
3432,28825,42857
5178,46870,54460
20986,62514,71290
3684,45314,51598
3516,48478,58894
8773,56752,69344
22673,69837,81785
1534,47667,59780
2863,46281,57883
7151,44210,56201
4214,41516,47701
18397,45583,59264
10269,57583,70317
4939,30085,41129
2585,31364,46393
2451,48083,64457
1708,37620,46361
25866,57866,67025
3429,47637,56541
1773,33786,43043
3968,36327,46089
71828,67973,89100
3913,45490,57401
10638,37838,51011
12760,58556,71466
1781,39274,50877
2052,48984,58036
4791,55105,61266
6427,51866,63370
10029,50693,63161
6803,41216,55995
3221,44338,53224
10204,53746,64851
2610,54461,62882
28277,58565,70504
8039,33791,46994
4643,51177,62443
5011,42359,52230
12498,54654,65935
4351,53557,64662
1196,46549,53509
12646,51596,62873
3985,29749,41736
187930,61622,80934
13441,58733,77973
6635,41981,57097
40067,66229,82971
4067,43684,56613
8237,32879,43791
3866,50559,58064
16887,43075,58984
4136,42182,51043
1910,30036,42235
2992,37796,47690
6467,44104,53187
3630,40119,50152
6896,43121,51424
2665,47075,57891
7455,47378,55207
1903,55125,65278
17563,57709,75381
4535,30543,38288
2651,47436,57341
20544,54652,67453
3530,34600,44050
4755,47360,57129
8784,54460,64668
3235,31922,45587
4666,48486,69505
7872,50574,63409
1608,33897,46823
5996,58533,65793
2717,40943,51283
2865,39949,49245
6773,45434,62024
3503,41116,52217
8579,44874,57903
12171,54708,69969
1974,48164,56652
6369,44200,56405
15915,91587,113197
3121,60356,67663
1129,29973,44591
3561,57357,68533
7587,40814,53168
17962,42210,54421
2989,39010,47647
17797,44363,59911
552,49643,53416
4808,39404,49915
5350,47044,56523
4774,37256,47098
13054,71455,83456
11749,70044,83364
4547,47303,57529
5122,69980,79793
6580,46250,54792
3306,51241,54696
4197,53893,70990
2558,57174,61801
4008,45143,58502
27838,60772,75297
3322,48578,57596
5770,36059,47254
3667,54448,61094
9379,37441,48664
1736,30407,42890
6606,71995,88357
15841,46159,60707
5436,48306,61336
29532,77640,86317
6162,55603,67011
10887,40311,56490
9505,59364,68615
3690,42271,56048
30219,67961,81659
61452,52823,72095
50632,55484,73525
2643,47327,61519
1899,71310,90346
2634,44627,62776
3694,39539,55105
5270,38125,50732
7175,51734,62680
103104,63558,84827
1620,30840,43689
5043,54664,68374
8524,41022,54204
5213,40147,54662
4905,47832,61040
18903,51402,70956
7829,54191,70828
4444,45490,57732
107787,61131,79532
8334,51772,64953
54098,67061,87196
25284,59941,75090
4099,55587,69891
10300,51206,70317
34363,66164,76656
2447,33063,44587
7037,39570,50212
9585,47936,66981
78318,46512,74429
37849,50992,68263
6401,66800,80427
5753,59064,72422
31097,51092,67798
2362,46024,64440
5586,45070,54948
6162,46816,64681
9908,45087,58354
14084,66392,80555
2990,40590,54049
6049,63632,76737
11401,56540,66876
21473,45574,59461
13059,54589,68352
14038,48754,61901
63510,74834,92854
29928,53101,65970
1369,35328,53469
27821,60417,75386
6012,48125,56508
15568,54061,68946
13446,51718,62162
11768,41963,54653
10756,44436,56290
6448,64567,73602
2883,44018,56991
2981,75613,88360
3873,45200,54726
27529,57444,69612
19203,50779,60334
72171,75432,95853
7937,50251,61684
15198,60022,72571
32535,59915,71720
10717,60581,74543
9670,59398,73482
14635,49920,59719
39131,56155,69408
5113,45917,57776
9713,69561,77642
14213,50051,59540
10519,52614,62460
8911,45117,55371
53010,70642,82731
17349,54022,65684
138458,101268,122127
204449,81116,102340
23573,107684,118540
8457,66471,75645
44526,100643,113289
26555,79128,90149
37777,104078,116654
9199,57893,71474
62940,98259,111651
8314,56341,68234
66487,92642,106672
78834,128657,149530
4751,72360,93234
248311,117408,153144
200498,84808,99622
13111,97909,112818
28038,95186,109793
4979,53413,61713
10866,74811,101579
37646,66435,79527
24644,59379,74694
13452,68840,90226
125055,50151,70903
59553,76311,96969
32794,65216,83923
138396,72018,87236
3879,82452,95849
189950,84185,107156
18339,67785,79591
115839,61474,77022
34661,81385,96235
371061,104032,133033
2462,92500,135463
169375,108943,141594
127961,90431,110459
141599,61449,91237
201213,81519,97466
3188,45424,57658
2246,46083,58297
30856,59509,70606
8201,48308,58388
6805,53125,65125
4411,45479,56518
2062,51705,56844
16159,63064,74623
28710,55652,67171
5180,54971,66686
39861,56324,71610
11054,50701,61066
34681,52857,67046
13830,55053,67115
7394,56236,75438
7623,46010,58305
9110,54513,64053
8468,40297,49226
20039,72958,86604
3880,50114,55109
10393,53489,62370
7672,53342,68091
28707,65740,75341
9190,61644,85032
107022,53072,65234
7522,45605,54919
4134,46570,54194
22743,63616,79964
10158,50893,59841
12378,49976,60167
8147,52409,64771
9084,50996,60896
61908,62971,79474
15764,54829,63565
7026,45265,55935
3143,46502,57620
13689,51563,66431
40593,57263,68449
60345,62159,80236
4461,48153,57437
154002,63176,79883
610,50250,61242
2494,37664,46159
24617,60597,71727
6354,66570,86823
25552,59156,67539
51009,82959,96401
1552,45950,55764
3180,47542,57864
222460,66612,78382
6857,49708,61469
15917,61103,73596
8328,50719,62393
10126,50330,62309
6981,49566,57987
22837,65735,87623
4111,47446,56537
41178,65363,76203
16596,47435,55508
2713,42632,51310
44699,50092,61102
12861,50181,60859
320311,84182,108158
6838,47419,56754
5852,42137,53175
1927,44986,52125
6324,45839,52982
2457,40517,48405
6629,56823,69704
69937,67166,81195
4005,46601,56377
7164,40691,57174
49816,54004,66676
43959,58697,70280
15645,52116,61271
10746,50648,61062
2258,47557,59565
19544,53971,64794
14959,51319,59905
19770,54472,64249
78436,85115,104404
422905,52423,68813
8590,48790,59569
4963,50684,62794
87961,81798,92673
9287,59844,71883
11033,53549,65417
9990,64694,71706
1580,56012,68744
14184,68864,80365
6770,65804,75030
9210,63548,72477
25455,96913,118806
8923,53277,65742
3263,64608,75096
14248,75513,85573
14801,68533,76735
2492,52661,61317
1716,59643,78617
3224,55081,66322
18056,57958,72170
107517,88889,105003
5404,81702,90365
10448,65133,78639
4167,56849,66554
5746,64379,73838
8385,58220,71899
12610,73075,84133
1728,61455,72502
279427,84559,112017
5424,65646,74288
5938,55744,67723
9954,68053,77350
12989,56705,66161
3032,64625,76294
4258,54060,62086
11596,62904,77538
1206,64310,73032
3673,56065,73344
2105,60873,75339
3303,61548,72104
1090,49816,58904
7786,70426,81062
1615,63201,75145
6292,70016,81697
10098,67968,76373
1405,47781,57366
2663,65057,73619
5712,61233,75004
6528,63881,73058
6913,57885,64931
9032,60155,69578
10076,61094,73795
2496,63545,73752
8259,71741,80378
5658,55102,67758
1735,59103,68227
37863,83250,102937
16549,61645,73574
3529,61448,69490
7745,53869,62229
2618,56071,67850
8343,64911,77619
3176,64740,80094
119801,71206,88923
1118,59600,64003
4183,60685,74539
4282,58599,70744
15595,72133,81895
2724,58835,69067
4448,59226,71575
50162,63168,75110
34831,97693,112940
22864,80939,88598
4021,64750,74465
37197,69196,81253
9837,71627,81935
2226,71563,98925
2719,64250,70900
6837,53847,64502
946,62258,79175
6150,66629,79281
3756,50354,57694
5027,66173,77563
65270,94263,111667
3025,61064,73726
1757,62835,72400
11389,67948,77339
34144,81683,91194
2856,61389,71270
7127,36044,54552
9992,43320,56101
3246,36277,48150
4806,41356,55517
2123,42436,54403
7881,36443,51716
3889,39502,48526
2781,41038,54215
4520,36783,48585
2267,41164,51116
1978,31385,42065
4600,41518,52658
5699,39169,55021
6470,31078,46986
6698,45769,59720
4813,42657,53046
44020,64822,76072
17200,46827,60400
2413,39234,74784
5885,53793,62291
3055,47109,53217
5164,48301,63598
12795,53192,63617
47656,51941,66250
57415,47132,63588
4317,25995,36838
2016,28816,40438
295,26488,39418
6426,45142,54845
35024,58357,73187
4903,37218,51011
1671,32793,43652
3171,34986,46028
17973,43888,59405
2283,40962,48629
9313,59882,81064
15165,62945,80212
20146,46954,64682
3483,49975,62195
5828,38766,55570
22676,54292,64248
7043,30285,44635
9817,41572,56457
15132,48662,62519
25414,73775,102297
7050,38941,55059
9232,41319,54659
10209,45361,52148
2896,37395,44836
7619,41449,55087
6091,44720,56781
3034,34375,40022
9746,55210,70586
7930,41849,56780
14958,50330,61054
3331,40267,50074
9712,41288,55635
7137,50403,58811
6872,42093,49660
2086,28171,40233
38696,67674,81045
7000,39404,52611
1178,51250,50843
7006,44651,56641
4663,44849,60614
4294,50491,61144
5915,31893,46488
3253,37539,43322
7013,51887,66277
6280,41358,53403
5779,40949,52355
2341,34946,46103
7745,44772,55971
3581,43597,56553
12237,54240,67386
12412,33025,49850
5561,38502,59119
3050,45647,54752
2351,39966,47611
5229,40589,53658
3270,46360,56252
5937,33157,45878
5501,54609,66579
4687,67006,75761
1524,54247,64544
6430,53564,60370
9496,47663,56802
3650,49713,59923
4529,50469,60835
5756,42896,52915
3337,45273,58033
37372,70096,89209
21256,57326,67663
11271,43135,56737
2667,53186,61152
11233,58357,69916
12558,49942,60453
19274,57604,70467
2474,61400,71513
1521,40597,51777
27627,68480,81148
3816,38058,47187
1961,51356,58817
22601,60493,74206
1784,50288,58268
59138,73380,86120
5806,64341,72114
19243,66712,78170
4635,56565,67142
6421,44985,51769
2177,44175,57394
4804,44382,53509
2258,51500,59703
2531,57163,61924
4217,42356,53413
3648,38312,46597
8369,38503,50698
27726,60741,73903
4103,52579,62752
1871,47750,58897
69461,53359,67984
2692,47000,56645
2319,44691,54314
6154,50344,59811
2826,36457,44446
1473,53578,62242
2478,54167,62209
10883,41181,50072
2817,44069,53220
164397,60580,75835
29632,49154,63556
59036,64116,74319
13189,58641,67510
1121,44073,61536
10042,43826,53324
9248,65057,68577
10280,47950,57646
2692,49043,58172
13476,59074,67629
3173,47327,64265
3684,54663,64116
5687,45172,54240
4045,50393,59359
3264,39718,50298
2601,55331,61871
7669,52844,65320
1077,49087,56304
6732,44911,53911
3338,38789,49664
3822,59253,64171
2294,53116,58242
3524,48314,58831
5514,45048,51247
5066,45469,56707
15801,50565,65789
4605,56449,63501
2910,36791,46938
3800,61660,67199
2983,37938,45495
4362,38152,50757
5305,58656,69168
10755,49064,59993
10685,54015,67874
4524,52000,60361
24719,83110,100811
8347,49245,59263
10241,56933,63625
1425,44309,51317
2988,54936,63700
5977,47844,55997
6306,63014,71594
1785,39632,50574
3892,37009,44735
98782,83907,95788
2736,42242,48335
4998,55208,67579
16013,46537,58070
263717,75532,102775
5764,46731,54633
1190,45269,54016
1244,49328,61593
10796,48705,61676
2281,41440,50158
1639,48274,55228
8210,49565,67519
9596,49527,57819
1751,44783,53899
13618,46764,57501
6535,45212,55930
5238,48014,57220
9085,64196,74250
6515,41108,54393
3831,39465,53705
9512,50033,61818
613,49034,61115
5071,37295,42308
65731,43627,61545
2388,54294,64228
2658,46968,59503
1485,41797,55500
1701,49362,63375
2794,60375,73137
340,60000,69523
21343,58565,70430
1586,50111,61423
3077,58594,68282
514,60000,71169
2671,63551,72008
2298,49714,61276
832,66544,83347
2940,52473,65242
24480,56284,72627
22162,69556,87932
320,59423,71088
2885,36701,51191
205,50938,56694
990,57891,64395
4068,55617,64432
3221,76469,88874
535,55089,64186
7759,50222,60229
16543,70259,79227
562,58438,89816
5402,44111,57304
518,59375,72400
2201,61672,81738
451,47604,55919
969,45331,58696
26223,62988,77247
1363,59112,61591
3872,56960,66251
155,56042,63366
1206,54746,63788
1566,52698,68150
485,56250,75882
1530,49342,57025
328,41667,50448
10971,51272,65365
2746,72115,93146
2102,49649,58474
2255,60188,68492
3357,39650,50230
1034,68769,86126
8451,53713,66266
2801,69375,79413
938,58462,69460
1540,54196,68035
1309,53259,67008
222,47206,60123
2023,58668,71602
525,43594,55365
273,67361,73707
38738,65486,81033
8030,65286,76243
2058,54688,68797
114,48750,56614
241,51750,77327
179,45625,49435
1478,59278,75748
3059,58521,69345
568,51250,57307
1038,44605,51471
11368,67076,78850
2000,62449,72520
2355,65225,80423
7026,75769,87696
2375,58542,77474
1166,51810,77712
1792,54185,68875
2763,64504,78135
1848,54762,66788
2647,61841,76505
2630,58654,69263
3144,56136,67909
5338,54721,63459
2153,62952,70141
6220,53214,59398
498,58500,75450
1676,57946,69070
10193,57827,70360
126349,69754,89876
635,51932,81998
1564,60897,68559
964,56875,72865
736,58636,68600
1416,51458,59894
5867,61483,71601
585,52083,70915
546,49904,55359
576,58583,67812
175,45865,49208
688,55909,68150
14618,56897,67987
2564,61786,75496
1004,55400,64868
353,56125,66424
839,56875,62367
2926,58608,66685
199,42366,55170
1753,65039,72546
2079,57234,68453
1173,53932,66456
1904,62308,79895
2445,58047,67485
236,44231,53738
1042,52276,59864
2540,54286,66171
70561,68714,83726
9503,62464,75760
230,52813,63572
172,42917,52383
133,57981,62911
9090,58592,72913
2301,56185,68338
1427,50365,60745
1027,54402,65998
1778,68516,77088
1423,52127,57256
4370,63841,73932
774,49191,69245
864,66000,75192
2520,65884,74454
2060,62143,70867
8261,60814,71351
1540,63664,78585
2916,58831,67196
2178,49080,62716
391,55625,66500
3367,53101,63512
44077,80985,91728
5637,74235,90160
9573,53463,67186
4344,74309,90150
1515,44859,60025
925,51469,65007
363,56813,74764
1817,60886,67992
1498,53493,65507
234,63333,75374
1469,49612,62225
1274,54364,61349
5423,83670,90799
2166,69696,82890
1001,49968,62398
217,53015,76582
3638,63940,80826
6266,60951,70109
461236,60666,77632
13309,67597,89328
12377,75231,86670
248,51500,55860
437,94648,86799
4218,74433,81247
1472,75857,80188
1382,48816,69508
13167,52918,61997
1116,61226,67810
12410,45798,57138
1430,56250,66100
1161,64173,76426
102123,64556,84652
2003,63982,73682
13035,63883,76610
16960,67570,84033
14028,58867,82367
19162,70026,83603
8934,53813,65271
21891,71158,90436
103750,84430,100826
37842,80655,93486
81025,93420,112866
30512,73260,89404
12046,65969,78156
67697,66619,83669
239574,102222,135788
115577,94324,114076
126823,77369,94795
27383,74112,91017
35417,60388,73802
182399,69448,105566
75480,87913,101657
150173,62168,88229
34083,125828,155340
88353,94267,123451
203110,93519,110901
162846,105971,134866
129417,117683,154055
148963,76822,92078
116967,67890,88602
17095,74469,85827
83994,117393,152513
40633,100066,114806
131541,83164,114030
29058,85091,99048
163349,60740,77231
919,45821,54623
16220,48169,59680
5277,42024,50936
3315,47100,58428
12403,50963,64040
453,46534,64132
51262,44518,60417
13603,60891,86003
7640,45616,59690
825,36435,48442
156,49167,93444
1276,37432,49979
15560,60006,72409
5270,49213,64764
5155,124979,136100
5711,35762,49013
12220,36109,49324
787,41794,46795
16469,46828,59334
2134,41304,51235
9902,47363,59501
4772,42703,54106
34114,65768,82456
30188,57715,69904
6453,40284,51263
35768,64737,88415
2336,40786,48573
3268,44076,63223
7771,44541,58347
3665,45409,59309
1057,48350,54459
19159,51686,60084
69328,81846,98629
12376,52112,63304
312858,38843,54386
48410,59345,73060
20443,52637,62765
20230,63082,73577
34306,52854,64039
22378,60715,74489
13330,54395,63099
20189,63665,75246
16228,72649,92988
10999,60134,72584
12457,56427,65750
73240,88777,105936
231215,65897,81496
10002,60935,75237
12381,54399,66113
14784,54619,65698
15952,62864,71958
11782,60571,76083
1204,60170,72561
17474,55976,66027
30659,55325,65799
583135,51581,74741
7501,55401,65804
15902,66664,74063
17737,66688,77833
182478,68524,85278
12590,55028,66268
339120,112874,142224
301894,84627,172680
55500,63523,75400
56564,62090,74862
113831,70143,86356
28864,70381,87567
89873,85100,100210
10755,58031,68198
30580,59391,70191
15030,60526,73365
26518,109188,128952
525368,64371,81158
40006,74519,87549
121285,86133,101839
74429,99649,121213
26777,53346,66045
58164,87058,103600
35527,73910,85844
8425,65610,77552
4871,58866,67582
8384,60974,71875
26541,56903,71188
374411,100652,120896
18488,60166,73119
14112,66950,79291
20189,73828,94660
44833,72632,89986
18142,66622,83235
16882,61494,70358
25375,62677,73232
237934,105341,157937
10512,62490,70210
6797,60271,73748
40615,53945,67452
9743,50123,60976
3360,40767,52613
6548,39667,50919
8201,47184,55968
4715,46847,63056
13107,49574,60813
4991,40850,54386
9221,43210,55288
33548,54220,69864
60303,56616,73571
23236,49127,58675
47049,66058,78590
20741,46628,57486
2702,70025,77264
18968,57328,72804
6306,45925,54093
39774,54596,69500
18494,66875,88551
7470,43178,50667
3831,43512,56306
2931,46528,58297
25685,48723,59446
14303,45865,57867
28105,55689,67835
81041,51944,65171
6548,66626,76391
9223,64404,80236
44918,54218,65442
11769,58530,76606
14822,42029,51825
65984,66448,86099
14528,42351,50537
89143,59764,79506
16647,51353,62968
54318,51851,67461
3287,53577,62770
2423,39580,51609
14181,54842,67440
4974,50781,61299
123750,58551,78898
14062,42607,54350
29073,54000,64220
17978,52014,63671
30320,57062,71194
5819,41713,56695
12068,53584,58699
1502,42048,50497
43150,60413,79940
9714,48568,63015
45533,58463,68306
2621,49041,57731
14698,55582,65574
15464,45306,56473
21705,60059,75134
11539,45874,55140
10216,45633,60140
5639,49806,57719
6292,44633,52774
228213,68083,97042
4554,46432,55115
6751,43038,57361
24932,62099,81688
25043,52681,66708
49785,67938,88193
5560,37249,48016
43781,49819,60526
30718,84770,118089
3682,54679,67670
9953,55554,67975
14255,53740,70972
4052,51103,67080
10337,49521,61444
39136,56512,73313
5849,53909,66436
38809,50234,60019
11669,40322,51054
31892,35861,48675
25815,47715,59212
35990,50537,61566
19275,42636,54226
15852,43557,58470
8765,36073,45892
15994,54611,62532
13666,50910,60503
20315,44788,57051
3536,51589,58014
9137,51702,65295
1071,38493,50365
54975,74132,94920
11094,41930,53989
231753,83568,102257
5142,44587,57984
3198,43636,54738
11025,60066,75183
32212,51391,61993
19353,42083,54919
21274,47796,60825
10416,50372,65055
5163,45693,56306
739,65859,78103
3057,67150,86123
1605,40821,56654
228,69167,102713
1835,71217,88562
869,76750,91758
601,70096,85140
22057,82235,97544
36232,74024,92390
1167,72946,87322
1321,62298,73431
659,69632,97773
994,76346,98074
630,55500,70794
1004,48816,75625
1052,68547,92774
393,64821,77462
15084,70875,87519
669,59531,75972
719,63150,72491
754,65577,78999
847,57675,71417
1221,65958,85822
547,60903,82887
1590,61367,75824
820,50887,67911
1883,77366,100615
2696,67636,83358
2393,80827,87607
7768,69894,83251
2207,76282,99101
893,64792,82773
568,81500,88086
2137,62147,73059
1210,63243,66759
2766,63380,79342
1399,66076,72517
728,77143,86593
4267,72409,80245
3450,38763,50604
1143,67132,82018
435,48403,68288
813,34042,54619
216,74167,86494
6539,75333,88927
595,67159,81692
5465,65032,77469
668,67969,82850
1964,71359,84260
3112,61156,72978
15832,67738,80347
1310,57125,75585
6487,86285,102824
7729,43771,52599
27143,54846,66459
14282,55342,66525
25673,50218,58438
12206,50583,62861
12689,62940,73116
18356,52232,63386
11943,51674,62229
94581,69799,83785
7856,52336,62769
10862,58486,69481
35850,54149,66398
53000,71914,86868
11342,54413,64442
28546,53267,62159
10144,48818,58950
11839,49718,59961
309945,59745,79912
14158,53929,65598
10900,55802,65455
49144,103564,125057
20995,60856,73550
39235,70352,81987
7619,45108,57937
273033,64693,84210
12049,63355,74442
8249,48918,62920
25748,81952,107688
41855,73972,90997
10736,48708,59329
195106,65392,88736
20125,64032,76883
7757,52144,62515
4402,48739,58789
7658,61426,68416
11682,46643,55075
7964,52837,61944
9945,53295,61945
15795,56337,65587
8881,44755,54541
18655,51183,62215
15695,59561,72843
61436,69939,82841
16480,53015,61891
45087,67072,79846
12572,53810,63720
80346,63212,77352
107863,55295,70257
10233,65696,79414
61683,54118,68631
16891,53882,63923
48306,77729,91901
6573,44783,53459
11452,64758,72874
28104,61644,71956
4258,46632,56750
134907,55971,71381
4453,44902,58708
9753,58660,66627
22973,50977,59863
3436,43146,52773
12200,65311,76794
5432,58225,68744
10030,48828,56908
14217,64576,75400
7586,46476,57586
40312,66446,77717
11644,57530,68030
9630,72075,78214
31166,53602,64280
19193,52836,65840
16440,56634,65532
19186,49280,61068
15110,54219,65061
13253,60939,74556
99208,57381,71142
138430,64157,81577
55634,53975,63888
25091,52496,62863
13380,79744,93971
7933,57364,66967
3674,41674,50220
58384,85636,104640
16431,55505,67377
30045,60737,70894
10160,52347,61599
31329,69704,81835
6138,57009,64483
5972,39019,47492
1300,57604,72167
3801,41653,55090
1541,60483,76277
5273,60852,72159
2520,51519,65438
10691,47403,61493
7120,48238,57181
31211,72849,84498
11573,52415,67054
11120,49379,58660
3910,42011,51915
720,49600,62599
64188,69531,83983
1554,44888,57539
29349,54389,65587
1633,56721,64490
3790,50231,58485
18902,52398,65938
6939,56889,72256
11582,45708,59583
1256,57868,74721
1198,59535,71252
15892,53572,69714
7072,47330,64235
14818,57046,69361
1298,58478,69601
1412,48694,60451
777,36597,56278
1030,51087,61752
3149,46474,54866
3358,44973,58158
7027,51599,62200
1737,40847,54871
2852,39876,55077
11955,50266,63655
4147,61528,72497
2535,46015,67112
2975,49894,65395
12664,44408,54169
9430,53457,64337
10837,66917,83866
2561,50761,58495
9698,67537,76655
9237,40224,50065
5518,44470,54131
2147,60313,77664
3879,47769,58579
11336,52749,58847
3553,53246,62854
17882,48251,59760
3369,55018,63909
2883,48694,55607
3012,43452,51246
176868,58240,79996
10018,48720,58353
13203,55339,66084
8376,44106,54223
4443,56131,63003
16569,56881,70105
12135,50907,63533
9695,52738,65987
18095,51656,64249
2993,38834,49620
911,61583,84187
24966,67554,80842
6515,42751,53999
11324,42828,52787
11921,57834,68571
5271,57713,71590
2055,45487,53597
153790,60745,81839
20663,63730,74431
14183,58761,74400
3368,53912,67036
1948,65064,82685
4975,63096,73863
4603,51199,61279
18698,75012,88748
101963,76549,96675
9878,54849,70107
13725,63435,75367
15899,47830,62085
6041,48486,55642
6164,48833,61026
43353,61488,76915
29217,48420,59889
532,56667,61942
2126,46000,62439
2158,42540,55073
5453,64422,76654
53998,53254,67538
5506,46040,59597
22009,46913,60802
18313,48896,61158
2148,47537,60320
86248,56605,71015
13045,53750,65752
30845,55169,62065
6879,45825,55755
78306,54920,67563
2811,52652,63268
166106,65897,87199
19535,62802,75181
484,57115,65115
6575,51235,61705
18424,57434,66949
6763,51973,66168
1847,54513,62384
6484,53598,69532
135468,76711,92888
410,46875,57737
24954,62284,75455
27482,69551,81603
304369,70380,91841
19424,55063,65740
46783,62792,74244
14168,53401,61703
105671,67138,81209
33328,55446,68009
16738,56198,67832
165708,92907,115874
50064,74043,91211
37228,54630,65337
1340,52800,60174
17872,57049,70008
32597,70654,88139
130385,105278,133413
10090,54945,65622
21512,51031,60865
9698,55818,66933
16717,56917,72679
23012,53099,63830
61683,77057,93333
67882,68368,84223
137038,81523,105451
8923,55378,63888
69788,58451,73199
35194,49664,59378
1189,45120,52451
39765,63117,74491
4230,56346,63634
9520,55745,66612
11722,54961,62736
21857,56225,70664
12282,51451,59751
6580,54701,63768
54388,59573,74909
136782,67646,81271
24769,55348,65833
36337,64877,78459
89929,67081,84247
83178,58150,71401
29847,57160,66910
11462,51472,60752
30551,55943,66825
12606,48222,58661
43483,65433,77900
208752,99587,128461
4786,62248,87488
77529,73386,88045
25777,52280,63396
13061,66005,73171
308924,46375,64811
15528,68671,79233
4800,50755,62911
39176,56974,66653
10421,53072,71115
20615,54418,65157
1528,50855,63114
11782,57595,67804
11753,52998,63508
10255,55763,72238
15124,51925,60517
11223,56410,68209
55569,68300,83324
13399,58934,69447
101612,65027,79836
7487,58479,70548
117774,70001,82616
12912,93131,125299
43043,80038,97947
21413,88962,112429
146971,62348,78936
32740,91532,112030
6621,47211,54818
42977,56150,70930
2257,30276,44381
51641,53856,65762
3727,43317,55926
5745,43818,53388
44768,66878,91838
46590,59373,72323
4386,49517,64963
83901,65394,89630
14189,43439,54833
8511,42089,51314
12032,40989,50587
8782,40172,53474
10418,41716,54462
18520,46150,58702
8129,33952,43509
36874,62753,73856
6478,53879,65610
6247,44842,56409
35462,51660,67104
15966,51852,71299
117709,61768,79487
18085,47807,61249
5277,42588,56980
74228,51252,66111
5716,42070,51876
17478,52593,65470
20508,51067,60786
18090,44778,54375
4372,36935,46486
70942,66099,78981
2893,48283,63190
8440,38974,49662
6445,31440,44794
9996,53963,63704
21011,49753,66965
22605,42038,53374
28721,54279,68158
87554,62935,80633
4921,44705,59161
75250,52662,66484
27143,48603,60020
7897,41390,53506
7594,39346,48014
61755,66256,80380
740,56389,70162
4414,58207,71751
783,40282,59019
1657,55508,68070
6954,61219,77192
9516,64824,77502
1486,57078,62023
427,31301,40947
2480,58006,65362
416,50938,65211
2054,51780,62284
877,65089,93900
2608,61750,72168
6875,63037,76693
863,37250,57485
2438,61917,74225
5203,62438,67748
1598,48450,62572
1218,64432,77572
1151,37277,54846
876,58529,77142
1013,65179,76392
1796,58910,65735
582,54219,72805
2165,57699,67795
1233,43160,59015
561,64120,71373
1450,63659,79619
961,59671,68587
766,64375,79264
370,56354,65537
4321,83474,92777
1953,59403,78741
351,67292,76344
760,51196,62489
640,54300,69643
263,53854,68365
1584,61858,72900
2932,66652,78050
6361,66387,81036
12857,85666,106124
943,61713,67211
1503,66106,82380
691,44650,61169
1038,64375,82556
7209,58193,71365
513,36023,46989
633,60083,88390
43559,66555,78861
1929,62624,74749
26352,64273,79827
800,56429,74226
662,53750,65756
2606,57684,66601
651,62583,72565
2367,26029,37791
1667,61063,84651
798,61083,81021
397,69345,79263
2023,32671,39744
1651,48547,62388
2400,62026,71697
3843,74758,102408
1465,59449,71701
5508,67897,84960
626,32273,41884
20235,55940,69405
12094,47774,57274
4540,39526,50501
3207,39993,51023
33793,56626,68179
25858,50351,65710
10999,39284,48506
3888,48333,54985
7339,45351,56364
16206,41010,51245
10683,61433,69364
4328,52983,58691
8391,42766,51849
2398,36659,44212
10221,39065,48982
14084,50394,61230
3939,43693,55081
16243,43611,57970
142957,58535,81901
3473,46973,70368
4938,44208,64469
13861,51398,62669
10894,47037,61456
11063,65276,80872
4950,37837,47041
11423,48711,63820
13054,47987,60836
8143,47011,55992
6186,41071,53216
19872,43400,55131
3591,35507,47598
16949,50162,61264
88096,60329,80721
1856,30776,40506
5953,41966,52413
6646,41225,60353
16557,46066,56151
4522,43094,57020
7824,47551,59658
8966,48836,61662
6320,47683,59097
2292,44637,52456
5044,54492,63321
3067,42800,52602
13813,49107,60408
4849,36866,46032
109025,64310,84297
1394,36926,47316
6695,38356,50493
11177,47649,58900
3223,42415,53603
9379,51120,60944
14577,60003,75079
14308,48576,56728
6646,41545,55026
6212,42307,51788
23701,54519,72737
7826,49631,62265
8261,51921,62534
21924,55558,66520
3411,47672,54708
12840,44907,57095
46197,57117,66277
1711,59462,72298
5350,45434,58652
8754,46784,59446
6292,43587,54215
2080,39661,49730
1933,42159,53927
4769,46076,56755
18338,47920,59805
8372,46526,55097
14958,52729,66471
17697,60073,71066
67000,66755,77689
5426,35842,47514
4046,49238,61780
26648,50704,61349
221657,57213,79263
5141,52301,63982
3766,51250,62162
44690,50725,66702
45698,64806,83288
16457,59729,69926
2003,52030,65155
5031,44029,57403
5149,40717,50493
1491,41019,55006
10341,43922,57787
33109,52949,72555
4401,44653,52287
9101,50628,60659
6755,42357,53951
52358,104796,131316
31656,70024,81796
11544,52077,67170
3913,76563,92555
22468,47396,65070
6718,55880,71474
2564,68419,82405
520,76357,80816
11835,53016,67301
7517,64760,79009
1806,48681,60511
5660,63387,71818
18661,61250,73956
1013,56656,81542
5868,50229,64926
75209,58115,71564
410792,58289,76803
2800,68598,80142
191,76250,153091
5000,53835,71224
23119,53995,69435
80021,79880,94893
39207,58863,78740
2264,55893,86961
441,50560,59418
1663,28558,46723
9503,48865,62869
4453,56139,65033
11995,58125,71522
7861,51289,67444
5815,56167,69158
3437,57957,68524
94157,36332,51745
3269,45781,58542
1775,73125,78305
7926,47101,57664
1873,40595,62783
9839,82601,97363
12823,46797,60998
1627,58160,73067
3013,66788,76684
759,43458,56578
935,60684,74994
2512,37887,53028
214515,97421,118103
761,48250,67579
5691,55408,71438
31217,77324,98461
3443,45503,55033
662,58654,68239
10366,59160,75074
15830,56459,66179
525,39241,51284
1153,60625,72275
1047,57050,70568
1606,42379,56138
568,43793,50942
1699,44301,57450
560243,55113,81617
3093,51946,62401
4561,47763,60841
1339,52482,60480
172944,90086,107738
4654,55394,77921
602,53558,59632
2472,44403,51546
874,57961,65033
2699,40917,61698
4371,44271,59080
35011,59067,74284
547,54440,61317
40381,69685,82617
192989,44619,60076
8974,52201,70125
3577,43216,54970
8420,52392,62647
6762,60929,77957
1042,55000,67368
1790,54696,67605
289,44152,51978
158752,94931,115357
2986,61723,84394
5023,54284,69128
3673,38823,55788
4158,56868,76362
76115,76204,94404
1110,56979,73574
7182,65457,83003
312,98409,103454
2226,63672,85287
4699,45275,63250
5633,54327,68031
32467,57313,71061
30713,56869,74139
6160,56398,68879
35419,71325,82993
8582,45971,59539
772,45593,61695
2127,48894,62989
1457,57703,75483
1093,45750,54581
15179,64383,77736
984120,60594,87290
17227,55113,71001
1293,75527,94659
1670,48886,63435
36393,75729,92223
1055,66513,88811
20508,48789,63472
178186,36884,51759
9167,52184,63658
5953,61002,72636
14606,64873,84125
9944,52124,64832
5212,46557,62314
7243,58661,70096
793,25304,40148
21331,55101,69657
5422,51838,63961
494,58875,76770
2033,64836,87459
3638,62062,74084
9178,49398,62170
693,60341,74286
59438,53650,70424
1321,42775,59706
10424,47588,66214
39852,65392,79437
3667,51219,60746
3200,55603,75452
27331,67995,79456
9865,86750,109904
122,59643,55526
257,56016,69883
13423,55152,73262
1263,53145,78376
88,76250,83249
805,45375,48883
7687,48275,58673
953,45208,55513
13545,50524,62286
3374,45304,58957
5409,58034,71094
1197,36632,55296
5517,54765,70344
4282,66352,76984
4591,54609,69676
18535,54581,65967
5655,49121,61242
793,64934,94317
2842,49681,61356
5305,60285,89425
17,88438,96518
65862,56425,74971
1625,49308,63180
1957,50653,64411
56760,53085,68741
154,56591,81226
2612,49303,62294
2995,46207,53396
1156,49643,68458
1220,59531,79993
9440,51190,70231
12950,34762,48307
12085,61952,73982
580,41250,56472
36238,72635,104894
6261,49860,63798
1325,51540,67537
1921,53022,60145
5544,55267,68657
121297,79541,104883
5280,53653,64866
3551,45989,59275
258,40000,56435
14764,50952,65697
12600,47493,61715
3312,46690,63269
3627,46282,59007
84160,54483,70809
2885,60121,74593
490,62500,79844
22027,59926,73757
7185,51399,70206
6380,61317,78764
31696,78626,95123
2481,47096,59762
3157,58525,70191
12076,45690,57829
27762,46243,62528
1811,36559,47063
3012,55233,61116
32890,73144,87204
922,65600,72880
860,38438,45655
3316,42371,50990
2493,44980,54853
2044,48963,66631
302,83333,105929
4145,48008,64886
21825,92837,110221
2895,45546,58349
12534,55414,69546
2622,37827,50681
2059,41014,51081
7356,53569,75323
16875,56069,68926
1364,45678,54531
814,70556,80654
4368,56620,76760
986,56875,70830
6783,44129,63123
719,58977,73444
53727,60259,80990
2301,70625,85413
13430,27552,42716
2499,50128,61048
370,58214,66028
368,54167,66174
1090,60395,74206
1825,45110,60032
457384,67436,88597
32228,56565,70823
231,68750,73125
2726,45765,74924
488,42368,58626
7981,50325,63452
28040,57722,70824
237213,73951,102473
3385,44343,54581
5737,45162,57546
10398,58447,69851
904,57391,65768
6237,41173,57792
11599,45452,58750
13329,51707,64056
23053,56062,72700
12188,55377,68936
9834,59684,75058
2637,52953,66784
8572,55675,68724
55835,41410,54837
9790,51702,63677
1606,63000,81644
31500,55604,70925
3383,45604,59356
4395,31592,40525
113285,82568,95612
12217,71234,83107
1875,55668,71821
15937,63661,78541
11096,52446,66925
2143,55545,68259
5043,58875,75803
3725,37267,52399
2645,32930,44173
1574,56184,68871
13225,62898,73173
26659,57220,71097
5305,59397,64725
195,67898,73905
77025,76888,91161
5496,63048,73574
2802,60948,66229
1310,50429,65350
1965,62627,71985
11041,49829,59500
2582,57207,65072
2012,58883,71320
3122,59266,66892
2502,87922,94973
407,50179,54593
535,65250,85671
242705,70215,87598
3078,46615,56681
5858,58486,70393
5361,53997,62636
9878,95879,125544
14643,66201,76184
8340,65922,74123
117170,65542,80657
6128,70303,85960
35746,55881,68789
760,48125,58082
58530,62642,74432
9530,69157,83800
10049,61270,80129
7980,54941,68228
37546,83887,102164
1792,45000,54315
12880,68408,81089
2142,69722,88965
6076,64500,75640
7939,63253,75798
6986,52235,63174
16215,61516,73513
15113,70640,84083
11544,63509,78765
15483,70467,84992
9277,48708,64065
24504,89889,118795
4556,59384,68108
3622,61403,74948
8570,56802,65258
4273,59252,66151
43512,139244,172334
20511,60614,73099
1355,55112,76204
19905,69792,82725
1772,48906,59060
10037,74798,91202
3943,45838,53074
6711,38734,48065
4230,48786,57387
15458,56168,66509
7820,64258,76540
8613,43349,53514
1869,58893,69925
3314,43384,55001
83188,83877,100968
4098,95654,115381
1472,58750,61561
11959,75328,86096
2723,49351,61897
4526,41314,51061
7241,58543,67381
2735,53946,66149
277250,128596,158174
17205,103556,123962
4126,50969,60001
6937,79101,94796
16857,55970,67565
21660,76530,88890
4823,54697,67326
10266,72719,84153
6394,92042,138202
4378,40245,54288
4974,70074,77980
2545,47517,53797
9658,45024,57838
27946,88604,102663
79990,75640,95777
15386,43284,53822
757,56625,67824
10191,77524,90485
19337,90406,110425
2012,55182,64248
6034,90752,101904
4584,68397,75239
3142,66189,80064
6604,40704,47874
83146,133550,151388
9398,66882,77938
3033,41875,54156
3528,60441,74758
2880,71441,81649
7934,49468,59001
2986,64313,83047
19187,66800,82989
4163,59191,67608
5288,78995,94634
2984,52742,68309
3793,60747,68868
3722,52837,58328
9425,67802,80497
6908,49682,61641
5185,42547,50231
18364,52071,60335
7532,87045,101895
4913,48282,57786
8955,70566,79065
103008,106544,122672
10148,54224,64278
2126,66773,92232
1878,68487,76459
25859,75860,90061
6291,59165,73127
21052,60869,80623
7684,43459,55493
6876,47067,57929
12209,57422,68783
8664,46776,56988
4770,58038,68941
32962,87374,99391
34311,106322,119771
1855,59331,62984
2296,53520,60288
12739,45080,60902
10147,72597,85322
15546,54606,71906
4440,55966,67686
10510,46628,56645
7989,49044,62958
19109,95392,109050
30863,107511,144234
1690,44058,58848
4813,41025,49064
1720,49429,52669
7340,65579,91481
59469,80767,92908
4478,66704,75825
1361,45742,54994
11086,40768,54939
1496,41429,58036
5768,113538,136418
3092,152857,176499
2283,43780,57382
5170,57404,80953
1725,47297,66455
33370,62991,72128
8135,53588,68773
5300,47214,56923
855,57868,73742
16060,50676,69440
9054,75810,94843
3331,74552,91162
3408,40875,54505
43720,59514,72852
49478,51986,71327
902,56290,71430
7283,40559,50979
3421,98848,114482
23689,53632,64757
2409,57450,67217
40329,48681,79119
23116,48879,63270
6226,60742,80777
5939,61671,72057
22396,78565,88339
112631,76285,92877
5370,57726,65929
2276,64329,93411
5666,56967,78874
4557,48121,57628
5768,55321,69996
45471,72126,86639
18707,61230,79482
18778,59169,69844
110058,68276,82734
1106,50956,66314
26726,56810,67895
10459,55665,65638
1988,42164,55372
18039,57710,68032
653,66182,73626
21720,52848,63182
17571,52948,64441
22620,69775,84141
7993,62737,74307
473862,92510,117659
66152,74993,91875
9444,63929,70406
5486,48375,61921
19647,53627,63566
3004,60478,72669
15674,57662,67149
10877,47539,57965
5832,50919,64829
3686,47847,61058
202286,70077,84421
4806,65067,91437
31066,64951,77131
2993,67354,80922
182790,80856,93559
118609,62589,76728
12163,52410,61957
66801,74207,85649
1096,48156,57094
13905,59108,75934
49023,68159,80281
8238,63713,78915
58232,48946,62750
4299,44395,52280
28434,61575,75792
6864,54315,62656
3845,43884,54010
6521,55605,62628
24174,52300,69492
2101,41920,49925
2434,42629,49328
1930,43622,49578
11508,42182,53234
1615,49852,58518
3022,51667,56393
10005,48487,60152
4657,45831,54323
8542,49200,64918
3094,43097,53372
18520,54364,66118
7810,53355,65805
14034,77447,88527
50847,58481,78221
4342,44653,59182
6112,42293,52595
10392,47700,56763
5394,30671,40839
14742,53822,65707
9395,51779,66565
7295,44401,56299
16640,44751,57166
6251,48910,58403
7592,47986,58247
19147,68101,88386
4030,46707,53262
3872,51724,64126
7821,48275,68751
10837,57865,79720
2091,47745,57506
1957,57604,65453
2418,43975,55049
8831,52128,62605
16000,65900,79484
20899,49936,63507
7527,48547,57980
2600,45615,51337
3978,38920,49126
3700,44595,51322
4873,48618,59105
2087,49677,57448
2587,47671,54945
6130,49740,58723
10975,46749,56569
2759,34786,46174
4527,49622,62372
1591,43795,52567
23292,53647,68178
6427,47602,55324
5433,51949,60640
4089,47587,60060
12730,54827,66588
4499,55654,65001
64785,67159,82926
3808,58708,68377
4737,47404,57792
13720,75563,88066
16474,61420,69753
9005,53025,63924
15514,70208,80785
4352,57472,66592
119426,83509,101573
22225,64923,73590
8474,63361,78816
11638,59716,70412
10499,62033,69505
23450,67630,80030
1313,52846,60685
27658,65103,75387
2528,51207,57584
12111,58869,67048
10136,68493,78925
5333,60358,71752
6606,70079,77786
1857,49059,58670
5260,51692,61909
21623,67058,77135
6803,54255,67456
41941,68255,81315
5544,67033,74211
27839,69606,81742
4605,59593,68743
5648,50629,60719
8351,61366,68845
21982,63889,72164
36120,64950,81816
11480,53495,64532
4416,55060,64300
883,37321,52260
216535,55164,70993
11879,61851,67397
10933,62599,70103
10188,58214,69861
46896,71464,83466
24285,92262,124648
2025,58770,68974
10090,74867,88054
12625,58842,70313
17536,65214,75608
4368,53902,59633
49280,66811,81302
4994,55208,62705
42623,60120,69486
4207,47825,57262
23351,80740,96963
16811,65561,74445
5112,46831,58581
11762,54485,64274
30644,65968,76304
5720,56250,65835
7925,61196,72499
7961,57070,67488
6575,50051,66099
26624,68838,81349
4707,52635,63697
37674,79911,92190
108185,92974,112188
14402,61581,71276
6653,52816,64591
41058,66466,80487
20620,60258,72220
7457,67949,81473
3078,61910,72543
12141,84746,97772
4003,65402,72403
3935,75231,85325
2130,60909,71980
10340,60397,71132
3423,51882,66205
1319,56344,70183
2379,63343,77307
24612,71483,82258
4750,71523,78499
20673,69098,84557
600,57024,83964
7689,64802,77764
2264,62596,72265
7809,67673,76973
2676,85885,101386
11783,81595,88158
4532,83558,127510
5322,73060,77015
2197,64608,82958
1906,74531,78380
